Workbook

Sheet Recap
B1: 2000 | C1: 2001 | D1: 2002 | E1: 2003 | F1: 2004 | G1: 2005 | H1: 2006 | I1: 2007 | J1: 2008 | K1: 2009 | L1: 2010 | M1: 2011 | N1: 2012 | O1: 2013 | P1: 2014 | Q1: 2015 | R1: 2016 | S1: 2017 | T1: 2018 | U1: 2019 | V1: 2020 | W1: 2021 | X1: 2022 | Y1: 2023 | Z1: 2024
A3: t | B3: 0.25
A4: Revenu disponible brut | B4: 100350 | C4: 105156 | D4: 114615 | E4: 125647 | F4: 134926 | G4: 137317 | H4: 150168 | I4: 159966 | J4: 172592 | K4: 174771 | L4: 157053 | M4: 142795 | N4: 125181 | O4: 117045 | P4: 116456 | Q4: 117492 | R4: 116164 | S4: 117154 | T4: 116843 | U4: 125351 | V4: 119815 | W4: 132168 | X4: 139878 | Y4: 151710 | Z4: 158570
A5: Consommation | B5: 91015 | C5: 97421.9 | D5: 104606.3 | E5: 112338.6 | F5: 120490.2 | G5: 128010.5 | H5: 134524 | I5: 145669.7 | J5: 156770 | K5: 155326.2 | L5: 149210.6 | M5: 141387.9 | N5: 129394.7 | O5: 123271.4 | P5: 120505.4 | Q5: 119397.1 | R5: 118786 | S5: 122196.2 | T5: 125056 | U5: 128410 | V5: 119055.4 | W5: 126337.4 | X5: 146877.7 | Y5: 155442.8 | Z5: 162570.8
A6: Investissement | B6: =Investissement!B18 -> 35748.8 | C6: =Investissement!C18 -> 37741.7 | D6: =Investissement!D18 -> 37939.3 | E6: =Investissement!E18 -> 43311.6 | F6: =Investissement!F18 -> 47311.2 | G6: =Investissement!G18 -> 41597.5 | H6: =Investissement!H18 -> 51553 | I6: =Investissement!I18 -> 58537.9 | ... Z6: =Investissement!Z18 -> 37971.3
A7: Depenses Gouvernementales | B7: ='Dépenses publiques'!B17 -> 26106.7 | C7: ='Dépenses publiques'!C17 -> 28483 | D7: ='Dépenses publiques'!D17 -> 31430 | E7: ='Dépenses publiques'!E17 -> 33918 | F7: ='Dépenses publiques'!F17 -> 37108 | G7: ='Dépenses publiques'!G17 -> 39889 | H7: ='Dépenses publiques'!H17 -> 43911 | I7: ='Dépenses publiques'!I17 -> 47750 | ... Z7: ='Dépenses publiques'!Z17 -> 44006.5
A9: Revenu suppose Y = Revenu disponible brut*100/75 | B9: =B4*100/75 -> 133800 | C9: =C4*100/75 -> 140208 | D9: =D4*100/75 -> 152820 | E9: =E4*100/75 -> 167529.33 | F9: =F4*100/75 -> 179901.33 | G9: =G4*100/75 -> 183089.33 | H9: =H4*100/75 -> 200224 | I9: =I4*100/75 -> 213288 | ... Z9: =Z4*100/75 -> 211426.67
A10: PIB Demande Z=Y=(C+I+G) | B10: =B5+B6+B7 -> 152870.5 | C10: =C5+C6+C7 -> 163646.6 | D10: =D5+D6+D7 -> 173975.6 | E10: =E5+E6+E7 -> 189568.2 | F10: =F5+F6+F7 -> 204909.4 | G10: =G5+G6+G7 -> 209497 | H10: =H5+H6+H7 -> 229988 | I10: =I5+I6+I7 -> 251957.6 | ... Z10: =Z5+Z6+Z7 -> 244548.6
A11: Revenu dispo suppose Yd=(1-t)*(C+I+G) | B11: =B10*(1-B3) -> 114652.88 | C11: =C10*(1-C3) -> 163646.6 | D11: =D10*(1-D3) -> 173975.6 | E11: =E10*(1-E3) -> 189568.2 | F11: =F10*(1-F3) -> 204909.4 | G11: =G10*(1-G3) -> 209497 | H11: =H10*(1-H3) -> 229988 | I11: =I10*(1-I3) -> 251957.6 | ... Z11: =Z10*(1-Z3) -> 244548.6
A13: Pmc | B13: 0.82 | C13: 0.82 | D13: 0.82 | E13: 0.82 | F13: 0.82 | G13: 0.82 | H13: 0.82 | I13: 0.82 | J13: 0.82 | K13: 0.82 | L13: 0.82 | M13: 0.82 | N13: 0.82 | O13: 0.82 | P13: 0.82 | Q13: 0.82 | R13: 0.82 | S13: 0.82 | T13: 0.82 | U13: 0.82 | V13: 0.82 | W13: 0.82 | X13: 0.82 | Y13: 0.82 | Z13: 0.82
A14: c0 | B14: 20006 | C14: 20006 | D14: 20006 | E14: 20006 | F14: 20006 | G14: 20006 | H14: 20006 | I14: 20006 | J14: 20006 | K14: 20006 | L14: 20006 | M14: 20006 | N14: 20006 | O14: 20006 | P14: 20006 | Q14: 20006 | R14: 20006 | S14: 20006 | T14: 20006 | U14: 20006 | V14: 20006 | W14: 20006 | X14: 20006 | Y14: 20006 | Z14: 20006
A15: C=c0+Pmc*Revenu disponible | B15: =B14+B13*B4 -> 102293 | C15: =C14+C13*C4 -> 106233.92 | D15: =D14+D13*D4 -> 113990.3 | E15: =E14+E13*E4 -> 123036.54 | F15: =F14+F13*F4 -> 130645.32 | G15: =G14+G13*G4 -> 132605.94 | H15: =H14+H13*H4 -> 143143.76 | I15: =I14+I13*I4 -> 151178.12 | ... Z15: =Z14+Z13*Z4 -> 150033.4
A17: S= | B17: =B4-B5 -> 9335 | C17: =C4-C5 -> 7734.1 | D17: =D4-D5 -> 10008.7 | E17: =E4-E5 -> 13308.4 | F17: =F4-F5 -> 14435.8 | G17: =G4-G5 -> 9306.5 | H17: =H4-H5 -> 15644 | I17: =I4-I5 -> 14296.3 | ... Z17: =Z4-Z5 -> -4000.8

Sheet Revenu disponible brut
B9: 2000 | C9: 2001 | D9: 2002 | E9: 2003 | F9: 2004 | G9: 2005 | H9: 2006 | I9: 2007 | J9: 2008 | K9: 2009 | L9: 2010 | M9: 2011 | N9: 2012 | O9: 2013 | P9: 2014 | Q9: 2015 | R9: 2016 | S9: 2017 | T9: 2018 | U9: 2019 | V9: 2020 | W9: 2021 | X9: 2022 | Y9: 2023 | Z9: 2024
A17: Grèce | B17: 100350 | C17: 105156 | D17: 114615 | E17: 125647 | F17: 134926 | G17: 137317 | H17: 150168 | I17: 159966 | J17: 172592 | K17: 174771 | L17: 157053 | M17: 142795 | N17: 125181 | O17: 117045 | P17: 116456 | Q17: 117492 | R17: 116164 | S17: 117154 | T17: 116843 | U17: 125351 | V17: 119815 | W17: 132168 | X17: 139878 | Y17: 151710 | Z17: 158570

Sheet Consommation
B9: 2000 | C9: 2001 | D9: 2002 | E9: 2003 | F9: 2004 | G9: 2005 | H9: 2006 | I9: 2007 | J9: 2008 | K9: 2009 | L9: 2010 | M9: 2011 | N9: 2012 | O9: 2013 | P9: 2014 | Q9: 2015 | R9: 2016 | S9: 2017 | T9: 2018 | U9: 2019 | V9: 2020 | W9: 2021 | X9: 2022 | Y9: 2023 | Z9: 2024
A17: Grèce | B17: 91015 | C17: 97421.9 | D17: 104606.3 | E17: 112338.6 | F17: 120490.2 | G17: 128010.5 | H17: 134524 | I17: 145669.7 | J17: 156770 | K17: 155326.2 | L17: 149210.6 | M17: 141387.9 | N17: 129394.7 | O17: 123271.4 | P17: 120505.4 | Q17: 119397.1 | R17: 118786 | S17: 122196.2 | T17: 125056 | U17: 128410 | V17: 119055.4 | W17: 126337.4 | X17: 146877.7 | Y17: 155442.8 | Z17: 162570.8

Sheet Investissement
B10: 2000 | C10: 2001 | D10: 2002 | E10: 2003 | F10: 2004 | G10: 2005 | H10: 2006 | I10: 2007 | J10: 2008 | K10: 2009 | L10: 2010 | M10: 2011 | N10: 2012 | O10: 2013 | P10: 2014 | Q10: 2015 | R10: 2016 | S10: 2017 | T10: 2018 | U10: 2019 | V10: 2020 | W10: 2021 | X10: 2022 | Y10: 2023 | Z10: 2024
A18: Grèce | B18: 35748.8 | C18: 37741.7 | D18: 37939.3 | E18: 43311.6 | F18: 47311.2 | G18: 41597.5 | H18: 51553 | I18: 58537.9 | J18: 55579.3 | K18: 47891.9 | L18: 37608 | M18: 28213 | N18: 22827.5 | O18: 20547.6 | P18: 19779.5 | Q18: 19572.4 | R18: 19832.1 | S18: 21372.8 | T18: 20465.7 | U18: 20315.2 | V18: 20607.1 | W18: 25455.7 | X18: 32544.5 | Y18: 35689.7 | Z18: 37971.3

Sheet Dépenses publiques
B9: 2000 | C9: 2001 | D9: 2002 | E9: 2003 | F9: 2004 | G9: 2005 | H9: 2006 | I9: 2007 | J9: 2008 | K9: 2009 | L9: 2010 | M9: 2011 | N9: 2012 | O9: 2013 | P9: 2014 | Q9: 2015 | R9: 2016 | S9: 2017 | T9: 2018 | U9: 2019 | V9: 2020 | W9: 2021 | X9: 2022 | Y9: 2023 | Z9: 2024
A17: Grèce | B17: 26106.7 | C17: 28483 | D17: 31430 | E17: 33918 | F17: 37108 | G17: 39889 | H17: 43911 | I17: 47750 | J17: 50189 | K17: 55563 | L17: 50341.9 | M17: 45008.1 | N17: 42008.1 | O17: 37364.9 | P17: 36668 | Q17: 36484.1 | R17: 36177.7 | S17: 36443.4 | T17: 35733.8 | U17: 37086.2 | V17: 38183.7 | W17: 39796.1 | X17: 41188 | Y17: 43685.7 | Z17: 44006.5
